sales_id,list_id,customer_id,reciept_number,sales_date,quantity,sales_price,tax,store_number,sku,cid,inventory_id,user_id,item_sid,doc_sid,discount,receipt_type
64922770,NULL,5.54185615300461E+018,76,2020-08-27 12:43:24,5,15.86,9.0145,1,MENCLOCAS,17667608,11769231,1068,7.03813872872634E+018,5.54206575056215E+018,0,S
64922771,NULL,5.54185615300461E+018,76,2020-08-27 12:43:24,2,42.3,9.0145,1,MENCLOSWE,17667608,11769232,1068,7.15952709398319E+018,5.54206575056215E+018,0,S
64922772,NULL,1.05635557639134E+018,78,2020-08-27 01:08:07,5,39.59,10.88725,1,MENCLOSWE,17667611,11769233,1068,7.1595108336816E+018,5.54213119060971E+018,0,S
64922773,NULL,5.54185615300461E+018,79,2020-08-27 01:13:00,2,42.3,4.653,1,MENCLOSWE,17667608,11769232,1068,7.15952709398319E+018,5.54214170699672E+018,0,S
64924197,NULL,NULL,7788,2020-09-16 10:23:23,2,431.2,23,1,AB BC CA,17613236,11781917,1068,-1.65642520468658E+018,7700,10,S
64924198,NULL,NULL,7788,2020-09-16 10:23:23,1,100,23,1,232323,17613236,11781918,1068,63289711111,7700,10,S
64924201,NULL,14,15,2020-10-12 12:24:01,1,22,0,1,NULL,17668016,11768739,1068,WS12-XL-Purple,15,0,S
64924202,NULL,14,15,2020-10-12 12:24:01,1,22,0,1,NULL,17668016,11768739,1068,WS12-XL-Purple,15,0,S
64924203,NULL,14,16,2020-10-12 12:31:15,5,54,0,1,NULL,17668016,11767336,1068,MH07-L-Black,16,20,S
64924204,NULL,14,16,2020-10-12 12:31:15,5,54,0,1,NULL,17668016,11767336,1068,MH07-L-Black,16,0,S
64924205,NULL,14,16,2020-10-12 12:31:15,2,22,0,1,NULL,17668016,11768738,1068,WS12-XL-Orange,16,20,S
64924206,NULL,14,16,2020-10-12 12:31:15,2,22,0,1,NULL,17668016,11768738,1068,WS12-XL-Orange,16,0,S
64924207,NULL,14,16,2020-10-12 12:31:15,1,22,0,1,NULL,17668016,11767227,1068,240-LV06,16,20,S
64924208,NULL,14,17,2020-10-12 02:11:10,5,54,0,1,NULL,17668016,11767336,1068,MH07-L-Black,17,20,S
64924209,NULL,14,17,2020-10-12 02:11:10,5,54,0,1,NULL,17668016,11767336,1068,MH07-L-Black,17,0,S
64924210,NULL,14,17,2020-10-12 02:11:10,2,22,0,1,NULL,17668016,11768738,1068,WS12-XL-Orange,17,20,S
64924211,NULL,14,17,2020-10-12 02:11:10,2,22,0,1,NULL,17668016,11768738,1068,WS12-XL-Orange,17,0,S
64924212,NULL,14,17,2020-10-12 02:11:10,1,22,0,1,NULL,17668016,11767227,1068,240-LV06,17,20,S
64924223,NULL,8.37563805000013E+018,74,2020-10-13 08:25:01,2,60,6.6,1,WOMACCINS,17668026,11773018,1068,-6.90806757106706E+018,5.71947702095436E+018,0,S
64924224,NULL,8.37563805000013E+018,75,2020-10-13 08:43:52,1,16.88,0.9284,1,MENCLOWRK,17668026,11773052,1068,7.03856916381401E+018,5.71952454310233E+018,0,S
64924225,NULL,8.37563805000013E+018,76,2020-10-13 08:55:05,1,12.44,0.6842,1,EQPXXXBAS,17668026,11773141,1068,7.1601413370533E+018,5.7195994966996E+018,0,S
64924226,NULL,5.71982192461474E+018,77,2020-10-13 10:22:11,1,49.99,2.74945,1,WOMCLODRS,17668032,11773064,1068,7.04917928053198E+018,5.71982392684123E+018,0,S
64924228,NULL,5.71982192461474E+018,78,2020-10-13 11:23:27,1,15.86,0.5973,1,MENCLOCAS,17668032,11773040,1068,7.03810373473371E+018,5.71982677418437E+018,5,S
64924239,NULL,5.71982192461474E+018,79,2020-10-13 01:04:02,1,60,3.3,1,WOMACCINS,17668032,11773018,1068,-6.90806757106706E+018,5.72023788274819E+018,0,S
64924240,NULL,5.71982192461474E+018,80,2020-10-13 01:28:25,3,60,9.9,1,WOMACCINS,17668032,11773019,1068,-6.90805539730102E+018,5.72024344217805E+018,0,S
64924241,NULL,5.71982192461474E+018,81,2020-10-13 01:32:03,2,60,3.3,1,WOMACCINS,17668032,11773019,1068,-6.90805539730102E+018,5.72030635243614E+018,30,S
64924242,NULL,5.71982192461474E+018,82,2020-10-13 01:35:25,1,60,0,1,WOMACCINS,17668032,11773019,1068,-6.90805539730102E+018,5.72031564614711E+018,60,S
64924243,NULL,5.71982192461474E+018,83,2020-10-13 01:47:19,1,60,0,1,WOMACCINS,17668032,11773019,1068,-6.90805539730102E+018,5.72032431997712E+018,60,S
64924244,NULL,5.71982192461474E+018,84,2020-10-13 01:53:17,2,60,6.6,1,WOMACCINS,17668032,11773019,1068,-6.90805539730102E+018,5.7203549907332E+018,0,S
64924245,NULL,5.71982192461474E+018,85,2020-10-13 01:59:48,2,60,0,1,WOMACCINS,17668032,11773019,1068,-6.90805539730102E+018,5.72037031360146E+018,60,S
64924246,NULL,5.71982192461474E+018,86,2020-10-13 02:17:02,6,15.86,1.7457,1,MENCLOCAS,17668032,11773040,1068,7.03810373473371E+018,5.7204278547842E+018,10.57,S
64924247,NULL,5.71982192461474E+018,87,2020-10-13 02:19:50,2,15.86,0.8723,1,MENCLOCAS,17668032,11773040,1068,7.03810373473371E+018,5.72043157843136E+018,7.93,S
64924248,NULL,5.71982192461474E+018,88,2020-10-13 02:24:13,1,39.59,1.90245,1,MENCLOSWE,17668032,11769233,1068,7.1595108336816E+018,5.72043872588006E+018,5,S
64924249,NULL,5.71982192461474E+018,89,2020-10-13 02:49:17,1,15.86,0.8723,1,MENCLOCAS,17668032,11773041,1068,7.03810375972337E+018,5.72045016315469E+018,0,S
64924250,NULL,5.71982192461474E+018,90,2020-10-13 02:52:47,6,15.86,5.2338,1,MENCLOCAS,17668032,11773041,1068,7.03810375972337E+018,5.72051468466818E+018,0,S
64924251,NULL,5.71982192461474E+018,91,2020-10-13 02:54:30,1,15.86,0,1,MENCLOCAS,17668032,11773041,1068,7.03810375972337E+018,5.72052376779901E+018,15.86,S
64924255,NULL,5.72052872434752E+018,92,2020-10-13 03:09:06,5,48,13.2,1,MENCLOCAS,17668035,11773048,1068,7.03850929242289E+018,5.72052813028392E+018,0,S
64924256,NULL,5.72052872434752E+018,93,2020-10-13 03:18:18,6,15.86,5.2338,1,MENCLOCAS,17668035,11773041,1068,7.03810375972337E+018,5.72056577276697E+018,0,S
64924257,NULL,NULL,18,2020-10-13 03:37:04,1,59,0,1,NULL,17668035,11767184,1068,24-MB02,18,0,S
64924269,NULL,NULL,19,2020-10-14 05:47:13,10,59,0,1,NULL,17668040,11767184,1068,24-MB02,19,20,S
64924270,NULL,5.72052872434752E+018,94,2020-10-14 06:08:23,2,15.86,1.7446,1,MENCLOCAS,17668035,11773040,1068,7.03810373473371E+018,5.72287645555064E+018,0,S
64924271,NULL,5.72052872434752E+018,95,2020-10-14 06:11:49,1,15.86,0.7414,1,MENCLOCAS,17668035,11773040,1068,7.03810373473371E+018,5.72288510866346E+018,2.38,S
64924272,NULL,5.72052872434752E+018,96,2020-10-14 06:13:44,1,15.86,1.7446,1,MENCLOCAS,17668035,11773040,1068,7.03810373473371E+018,5.72289289264605E+018,0,S
64924273,NULL,5.72052872434752E+018,96,2020-10-14 06:13:44,1,15.86,1.7446,1,MENCLOCAS,17668035,11773041,1068,7.03810375972337E+018,5.72289289264605E+018,0,S
64924281,NULL,5.72308906759888E+018,97,2020-10-14 07:32:09,6,15.86,5.2338,1,MENCLOCAS,17668045,11773041,1068,7.03810375972337E+018,5.72309228466207E+018,0,S
64924282,NULL,5.72308906759888E+018,98,2020-10-14 07:37:26,2,15.86,0.8723,1,MENCLOCAS,17668045,11773041,1068,7.03810375972337E+018,5.72310015749996E+018,7.93,S
64924283,NULL,5.7230807502521E+018,99,2020-10-14 07:52:20,1,12.44,0.6842,1,EQPXXXBAS,17668044,11773141,1068,7.1601413370533E+018,5.72311349031698E+018,0,S
64924321,NULL,NULL,7654,2020-09-16 10:23:23,2,431.2,23,1,AB BC CA,17613236,11781917,1068,-1.65642520468658E+018,6677,10,S
64924322,NULL,NULL,7654,2020-09-16 10:23:23,1,100,23,1,232323,17613236,11781918,1068,63289711111,6677,10,S
64924323,NULL,NULL,8800,2020-09-16 10:23:23,4,431.2,23,1,AB BC CA,17613236,11781917,1068,-1.65642520468658E+018,7622,10,S
64924324,NULL,NULL,8800,2020-09-16 10:23:23,2,100,23,1,232323,17613236,11781918,1068,63289711111,7622,10,S
64927672,NULL,5.94322340447722E+018,100,2020-12-11 03:13:52,4,15.86,14.487,1,MENCLOCAS,17669595,11773042,1068,7.03810376611549E+018,5.94322551298822E+018,0,S
64927673,NULL,5.94322340447722E+018,100,2020-12-11 03:13:52,4,49.99,14.487,1,WOMCLODRS,17669595,11773064,1068,7.04917928053198E+018,5.94322551298822E+018,0,S
64927674,NULL,5.94322340447722E+018,101,2020-12-11 03:14:50,2,49.99,5.4989,1,WOMCLODRS,17669595,11773064,1068,7.04917928053198E+018,5.94322917888154E+018,0,S
64927675,NULL,5.94322340447722E+018,102,2020-12-11 03:50:53,3,15.86,2.6169,1,MENCLOCAS,17669595,11773040,1068,7.03810373473371E+018,5.94331405186176E+018,0,S
64927676,NULL,5.94322340447722E+018,103,2020-12-12 03:43:33,1,54.64,3.0052,1,WOMSHOCAS,17669595,11773081,1068,7.06039596053267E+018,5.94515664531789E+018,0,S
64927677,NULL,5.94322340447722E+018,104,2020-12-12 03:46:51,3,15.86,5.6221,1,MENCLOCAS,17669595,11769231,1068,7.03813872872634E+018,5.94516107623415E+018,0,S
64927678,NULL,5.94322340447722E+018,104,2020-12-12 03:46:51,1,54.64,5.6221,1,WOMSHOCAS,17669595,11773081,1068,7.06039596053267E+018,5.94516107623415E+018,0,S
64927679,NULL,5.94322340447722E+018,105,2020-12-12 03:50:34,1,27,1.485,1,MENACCBEL,17669595,11773055,1068,7.04907978065203E+018,5.94516949545516E+018,0,S
64927680,NULL,5.94522925347524E+018,106,2020-12-12 04:13:06,2,15.86,4.16405,1,MENCLOCAS,17669597,11773043,1068,7.03813873350784E+018,5.94523147415406E+018,0,S
64927681,NULL,5.94522925347524E+018,106,2020-12-12 04:13:06,1,43.99,4.16405,1,WOMSHOCAS,17669597,11773137,1068,7.15985120787687E+018,5.94523147415406E+018,0,S
64927682,NULL,5.94322340447722E+018,107,2020-12-12 04:16:32,2,15.86,0.8723,1,MENCLOCAS,17669595,11773043,1068,7.03813873350784E+018,5.9452429787186E+018,7.93,S
64927847,NULL,5.94522925347524E+018,108,2020-12-18 02:27:24,1,16.88,0.9284,1,MENCLOWRK,17669597,11773050,1068,7.038569135989E+018,5.96908245227231E+018,0,S
64927848,NULL,5.94522925347524E+018,109,2020-12-18 02:33:45,1,16.88,0.9284,1,MENCLOWRK,17669597,11773050,1068,7.038569135989E+018,5.9690985197637E+018,0,S
64927850,NULL,5.94522925347524E+018,109,2020-12-18 02:33:45,1,16.88,0.9284,1,MENCLOWRK,17669597,11773050,1068,7.038569135989E+018,5969098519763,0,S
64928086,NULL,6.00369226553552E+018,66,2020-12-27 22:23:49,2,199,0,1,1W MHLMOC,17729563,11921764,1068,23322093574905,6.00370459897871E+018,0,S
64928087,NULL,6.00369226553552E+018,66,2020-12-27 22:23:49,2,199,0,1,1W MHLMOC,17729563,11921765,1068,23322093575160,6.00370459897871E+018,0,S
64928088,NULL,6.00369226553552E+018,66,2020-12-27 22:23:49,2,199,0,1,1W MHLMOC,17729563,11921766,1068,23322093575167,6.00370459897871E+018,0,S
64928089,NULL,6.00369226553552E+018,66,2020-12-27 22:23:49,2,199,0,1,1W MHLMOC,17729563,11921767,1068,23322093575935,6.00370459897871E+018,0,S
64928090,NULL,6.00369226553552E+018,66,2020-12-27 22:23:49,2,199,0,1,1W MHLMOC,17729563,11921768,1068,23322093576190,6.00370459897871E+018,0,S
64928095,NULL,6.00369226553552E+018,67,2020-12-27 22:29:55,1,159.2,0,1,1W MHLMOC,17729563,11921769,1068,23322093579003,6.00372290562249E+018,20,S
64928110,NULL,6.00438509536708E+018,68,2020-12-28 02:50:08,11,199,0,1,1W MHLMOC,17729570,11921771,1068,23322093580543,6.00438457321818E+018,0,S
64928111,NULL,6.00438509536708E+018,69,2020-12-28 02:54:29,5,169.15,0,1,1W MHLMOC,17729570,11921772,1068,23322093582588,6.00440083357848E+018,15,S
64928119,NULL,6.00464666100611E+018,70,2020-12-28 04:36:30,11,199,0,1,1W MHLMOC,17729576,11921765,1068,23322093575160,6.00466521938364E+018,0,S
64928120,NULL,6.00464666100611E+018,71,2020-12-28 04:44:19,1,169.15,0,1,1W MHLMOC,17729576,11921765,1068,23322093575160,6.00467389194602E+018,15,S
64928782,NULL,5.85269034000195E+017,4,2021-01-09 07:09:01,1,43.989,0,1,WOMSHOCAS,17729681,11773136,1068,7.15983729628486E+018,5.85268941000159E+017,0,S
64928783,NULL,5.85269034000195E+017,5,2021-01-09 07:26:45,1,43.989,0,1,WOMSHOCAS,17729681,11773137,1068,7.15985120787687E+018,5.85270005000155E+017,0,S
64928996,NULL,8.37563805000015E+018,8,2021-01-11 12:11:41,1,15.13,0,1,MENACCSOK,17729732,11773077,1068,7.06037065357873E+018,5.85443901000183E+017,0,S
64929025,NULL,5.85448649000165E+017,9,2021-01-11 01:29:49,8,16.88,0,1,MENCLOWRK,17729735,11773052,1068,7.03856916381401E+018,5.8544858900011E+017,0,S
64929026,NULL,5.85448649000165E+017,10,2021-01-11 01:31:39,7,15.13,0,1,MENACCSOK,17729735,11773077,1068,7.06037065357873E+018,5.8544869900014E+017,0,S
64929027,NULL,5.85449667000146E+017,11,2021-01-11 01:45:10,1,15.13,0,1,MENACCSOK,17729737,11773077,1068,7.06037065357873E+018,5.85449510000145E+017,0,S
64929028,NULL,5.85449975000146E+017,12,2021-01-11 01:52:09,1,43.989,0,1,WOMSHOCAS,17729738,11773137,1068,7.15985120787687E+018,5.85449929000173E+017,0,S
64929037,NULL,5.85449975000146E+017,13,2021-01-11 01:59:18,1,43.989,0,1,WOMSHOCAS,17729738,11773137,1068,7.15985120787687E+018,5.85450358000103E+017,0,S
64929038,NULL,5.85450900000161E+017,14,2021-01-11 02:07:19,1,49.99,0,1,WOMCLODRS,17729740,11773064,1068,7.04917928053198E+018,5.85450839000182E+017,0,S
64929039,NULL,5.85450900000161E+017,15,2021-01-11 02:08:47,1,66.6513,0,1,WOMFTWDRS,17729740,11773084,1068,7.06040493000144E+018,5.85450927000146E+017,0,S
64929040,NULL,5.85450900000161E+017,16,2021-01-11 02:10:19,3,53.32,0,1,WOMFTWDRS,17729740,11773084,1068,7.06040493000144E+018,5.85451019000111E+017,20.0016,S
64929041,NULL,5.85450900000161E+017,17,2021-01-11 02:12:01,5,14.11,0,1,WOMCLOCAS,17729740,11773058,1068,7.04912514568206E+018,5.85451121000107E+017,20.0113,S
64929042,NULL,5.85450900000161E+017,18,2021-01-11 02:14:29,1,37.39,0,1,WOMSHOCAS,17729740,11773137,1068,7.15985120787687E+018,5.85451269000147E+017,15.0015,S
64929045,NULL,5.85450900000161E+017,20,2021-01-11 02:19:33,1,17.64,0,1,WOMCLOCAS,17729740,11773058,1068,7.04912514568206E+018,5.85451573000174E+017,0,S
64929046,NULL,5.85450900000161E+017,20,2021-01-11 02:19:33,12,44.2732,0,1,CHDFTWCAS,17729740,11773094,1068,7.0604454621363E+018,5.85451573000174E+017,0,S
64929049,NULL,5.85452103000115E+017,21,2021-01-11 02:27:40,1,94.5464,0,1,MENFTWCAS,17729741,11773119,1068,7.14203623086457E+018,5.85452060000165E+017,0,S
64929051,NULL,5.8545350100015E+017,22,2021-01-11 02:48:49,17,16.88,0,1,MENCLOWRK,17729743,11773052,1068,7.03856916381401E+018,5.85453328000196E+017,0,S
64929052,NULL,5.8545350100015E+017,23,2021-01-11 02:53:31,4,14.35,0,1,MENCLOWRK,17729743,11773052,1068,7.03856916381401E+018,5.85453611000143E+017,14.9882,S
64929053,NULL,5.8545350100015E+017,2,2021-01-11 03:09:46,4,14.35,0,1,MENCLOWRK,17729743,11773052,1068,7.03856916381401E+018,5.85454586000169E+017,14.9882,S
64929054,NULL,5.8545350100015E+017,24,2021-01-11 03:14:56,1,60,0,1,WOMACCINS,17729743,11773018,1068,-6.90806757106706E+018,5.85454896000181E+017,0,S
64929055,NULL,5.8545350100015E+017,3,2021-01-11 03:18:22,1,60,0,1,WOMACCINS,17729743,11773018,1068,-6.90806757106706E+018,5.85455102000174E+017,0,S
64929056,NULL,5.85458903000186E+017,25,2021-01-11 04:20:59,1,16.88,0,1,MENCLOWRK,17729747,11773052,1068,7.03856916381401E+018,5.8545885900019E+017,0,S
64929057,NULL,5.85458903000186E+017,26,2021-01-11 04:22:25,1,14.35,0,1,MENCLOWRK,17729747,11773052,1068,7.03856916381401E+018,5.85458945000143E+017,14.9882,S
64929058,NULL,5.85458903000186E+017,4,2021-01-11 04:24:51,1,14.35,0,1,MENCLOWRK,17729747,11773052,1068,7.03856916381401E+018,5.85459091000184E+017,14.9882,S
64929096,NULL,212748,285330,2021-01-12 01:35:25,1,19.95,0,1,NULL,17729754,11921836,1068,69754,100267680,0,S
64929098,NULL,1.21202113572614E+018,27,2021-01-12 01:55:56,1,60,0,1,WOMACCINS,17729756,11773018,1068,-6.90806757106706E+018,5.85550156000147E+017,0,S
64929099,NULL,1.21202113572614E+018,28,2021-01-12 02:00:08,5,60,0,1,WOMACCINS,17729756,11773018,1068,-6.90806757106706E+018,5.85550408000174E+017,0,S
64929100,NULL,212748,285331,2021-01-12 02:08:24,1,19.95,0,1,NULL,17729754,11921836,1068,69754,100267681,0,S
64929101,NULL,5.85551067000155E+017,29,2021-01-12 02:03:45,1,60,0,1,WOMACCINS,17729757,11773018,1068,-6.90806757106706E+018,5.8555062500019E+017,0,S
64929102,NULL,5.85551067000155E+017,30,2021-01-12 02:11:36,1,16.88,0,1,MENCLOWRK,17729757,11773052,1068,7.03856916381401E+018,5.85551096000108E+017,0,S
64929103,NULL,5.85551067000155E+017,5,2021-01-12 02:14:55,1,16.88,0,1,MENCLOWRK,17729757,11773052,1068,7.03856916381401E+018,5.85551295000124E+017,0,S
64929104,NULL,1.21202113572614E+018,31,2021-01-12 02:16:41,1,16.88,0,1,MENCLOWRK,17729756,11773052,1068,7.03856916381401E+018,5.85551401000137E+017,0,S
64929105,NULL,1.21202113572614E+018,6,2021-01-12 02:18:15,1,16.88,0,1,MENCLOWRK,17729756,11773052,1068,7.03856916381401E+018,5.85551495000143E+017,0,S
64929108,NULL,212748,285332,2021-01-12 02:43:50,1,19.95,0,1,NULL,17729754,11921836,1068,69754,100267682,0,S
64929110,NULL,212748,285333,2021-01-12 03:03:31,1,19.95,0,1,NULL,17729754,11921836,1068,69754,100267683,0,S
64929111,NULL,212748,285334,2021-01-12 03:07:47,1,69.95,0,1,NULL,17729754,11921837,1068,70226,100267684,0,S
64929112,NULL,212748,285334,2021-01-12 03:07:47,2,39.95,0,1,NULL,17729754,11921838,1068,68716,100267684,0,S
64929113,NULL,212748,285334,2021-01-12 03:07:47,1,49.95,0,1,NULL,17729754,11921839,1068,70245,100267684,0,S
64929114,NULL,212748,285335,2021-01-12 03:10:48,1,69.95,0,1,NULL,17729754,11921837,1068,70226,100267685,0,S
64929115,NULL,212748,285335,2021-01-12 03:10:48,2,39.95,0,1,NULL,17729754,11921838,1068,68716,100267685,0,S
64929116,NULL,212748,285335,2021-01-12 03:10:48,1,49.95,0,1,NULL,17729754,11921839,1068,70245,100267685,0,S
64929117,NULL,212748,285336,2021-01-12 03:17:33,2,69.95,0,1,NULL,17729754,11921837,1068,70226,100267686,0,S
64929118,NULL,212748,285336,2021-01-12 03:17:33,2,39.95,0,1,NULL,17729754,11921838,1068,68716,100267686,0,S
64929119,NULL,212748,285336,2021-01-12 03:17:33,1,49.95,0,1,NULL,17729754,11921839,1068,70245,100267686,0,S
64929120,NULL,212748,9088,2021-01-12 03:19:58,-1,69.95,0,1,NULL,17729754,11921837,1068,70226,100009090,0,S
64929121,NULL,212748,9088,2021-01-12 03:19:58,-1,39.95,0,1,NULL,17729754,11921838,1068,68716,100009090,0,S
64929122,NULL,5.8555767900013E+017,32,2021-01-12 04:00:40,1,43.989,0,1,WOMSHOCAS,17729760,11773136,1068,7.15983729628486E+018,5.85557640000194E+017,0,S
64929123,NULL,5.8555767900013E+017,7,2021-01-12 04:01:39,1,43.99,0,1,WOMSHOCAS,17729760,11773136,1068,7.15983729628486E+018,5.85557699000165E+017,-0.0023,S
64929124,NULL,1.21202116122652E+018,33,2021-01-12 04:07:23,1,7.56,0,1,MENACCSOK,17729761,11773056,1068,7.04909030187906E+018,5.85558043000173E+017,14.9903,S
64929125,NULL,1.21202116122652E+018,8,2021-01-12 04:17:12,1,7.56,0,1,MENACCSOK,17729761,11773056,1068,7.04909030187906E+018,5.85558632000141E+017,14.9903,S
64929126,NULL,5.85564336000187E+017,34,2021-01-12 05:50:59,1,43.989,0,1,WOMSHOCAS,17729763,11773136,1068,7.15983729628486E+018,5.85564259000131E+017,0,S
64929127,NULL,5.85564336000187E+017,35,2021-01-12 05:53:17,1,35.19,0,1,WOMSHOCAS,17729763,11773136,1068,7.15983729628486E+018,5.85564396000199E+017,20.0027,S
64929128,NULL,5.85565146000171E+017,36,2021-01-12 06:04:44,1,43.989,0,1,WOMSHOCAS,17729765,11773136,1068,7.15983729628486E+018,5.85565084000193E+017,0,S
64929129,NULL,5.85565146000171E+017,37,2021-01-12 06:06:42,1,43.989,0,1,WOMSHOCAS,17729765,11773136,1068,7.15983729628486E+018,5.85565202000117E+017,0,S
64929130,NULL,5.85565146000171E+017,38,2021-01-12 06:09:55,1,21.99,0,1,WOMSHOCAS,17729765,11773136,1068,7.15983729628486E+018,5.85565395000197E+017,50.0102,S
64929131,NULL,1.21202118172636E+018,39,2021-01-12 06:12:31,1,15.86,0,1,MENCLOCAS,17729766,11773041,1068,7.03810375972337E+018,5.85565551000181E+017,0,S
64929132,NULL,5.85565146000171E+017,9,2021-01-12 06:20:19,1,21.99,0,1,WOMSHOCAS,17729765,11773136,1068,7.15983729628486E+018,5.85566019000139E+017,50.0102,S
64929133,NULL,5.85565146000171E+017,40,2021-01-12 06:22:58,1,43.989,0,1,WOMSHOCAS,17729765,11773136,1068,7.15983729628486E+018,5.85566178000117E+017,0,S
64929134,NULL,5.85565146000171E+017,10,2021-01-12 06:23:39,1,43.99,0,1,WOMSHOCAS,17729765,11773136,1068,7.15983729628486E+018,5.85566219000187E+017,-0.0023,S
64929175,NULL,1.21202115022679E+018,41,2021-01-13 04:54:50,5,16.88,0,1,MENCLOWRK,17729755,11773052,1068,7.03856916381401E+018,5.85617690000182E+017,0,S
64929178,NULL,1.21202115022679E+018,11,2021-01-13 09:34:54,2,16.88,0,1,MENCLOWRK,17729755,11773052,1068,7.03856916381401E+018,5.85634494000171E+017,0,S
64929180,NULL,1.21202115022679E+018,42,2021-01-13 09:44:03,1,16.88,0,1,MENCLOWRK,17729755,11773052,1068,7.03856916381401E+018,5.85635043000179E+017,0,S
64929181,NULL,1.21202115022679E+018,12,2021-01-13 09:44:33,1,16.88,0,1,MENCLOWRK,17729755,11773052,1068,7.03856916381401E+018,5.85635073000128E+017,0,S
64929189,NULL,5.85638764000111E+017,45,2021-01-13 10:45:26,1,60,0,1,WOMACCINS,17729779,11773018,1068,-6.90806757106706E+018,5.85638726000152E+017,0,S
64929190,NULL,5.85638764000111E+017,46,2021-01-13 10:46:36,1,51,0,1,WOMACCINS,17729778,11773018,1068,-6.90806757106706E+018,5.85638796000138E+017,15,S
64929191,NULL,5.85638764000111E+017,13,2021-01-13 10:48:08,1,51,0,1,WOMACCINS,17729778,11773018,1068,-6.90806757106706E+018,5.85638888000195E+017,15,S
64929192,NULL,5.85638764000111E+017,47,2021-01-13 10:52:28,3,10,0,1,ACCBATXXX,17729778,11773015,1068,-7.22625620511509E+018,5.85639148000131E+017,0,S
64929195,NULL,5.85638764000111E+017,49,2021-01-13 11:07:24,3,10,0,1,ACCBATXXX,17729778,11773015,1068,-7.22625620511509E+018,5.85640044000125E+017,0,S
64929207,NULL,1.21202115022679E+018,50,2021-01-13 01:03:08,5,16.88,0,1,MENCLOWRK,17729755,11773052,1068,7.03856916381401E+018,5.85646988000187E+017,0,S
64929212,NULL,5.85638764000111E+017,51,2021-01-13 02:19:51,1,16.88,0,1,MENCLOWRK,17729778,11773052,1068,7.03856916381401E+018,5.85651591000102E+017,0,S
64929222,NULL,5.85638764000111E+017,53,2021-01-13 02:36:57,1,16.88,0,1,MENCLOWRK,17729778,11773052,1068,7.03856916381401E+018,5.85652617000182E+017,0,S
64929226,NULL,8882234340,54,2021-01-13 02:47:00,1,16.88,0,1,MENCLOWRK,17729783,11773052,1068,7.03856916381401E+018,5.85653220000193E+017,0,S
64929227,NULL,8882234340,55,2021-01-13 03:10:10,1,16.88,0,1,MENCLOWRK,17729783,11773052,1068,7.03856916381401E+018,5.85654610000115E+017,0,S
64929231,NULL,5.85657148000144E+017,59,2021-01-13 03:50:42,1,43.989,0,1,WOMSHOCAS,17729785,11773137,1068,7.15985120787687E+018,5.85657042000117E+017,0,S
64929232,NULL,5.85657148000144E+017,60,2021-01-13 03:53:43,10,35.19,0,1,WOMSHOCAS,17729785,11773137,1068,7.15985120787687E+018,5.85657223000168E+017,20.0027,S
64929233,NULL,5.85657148000144E+017,61,2021-01-13 03:57:24,1,9.95,0,1,LUGTNKXXX,17729785,11773153,1068,9.03391652610723E+018,5.856574440001E+017,0,S
64929237,NULL,5.85657912000113E+017,62,2021-01-13 03:59:30,20,43.989,0,1,WOMSHOCAS,17729786,11773137,1068,7.15985120787687E+018,5.85657570000134E+017,0,S
64929244,NULL,5.85657912000113E+017,63,2021-01-13 04:06:40,1,14.11,0,1,WOMCLOCAS,17729786,11773058,1068,7.04912514568206E+018,5.856580000001E+017,20.0113,S
64929245,NULL,5.85657912000113E+017,63,2021-01-13 04:06:40,1,35.19,0,1,WOMSHOCAS,17729786,11773137,1068,7.15985120787687E+018,5.856580000001E+017,20.0027,S
64929251,NULL,5.8565943300013E+017,64,2021-01-13 04:26:13,1,43.989,0,1,WOMSHOCAS,17729787,11773137,1068,7.15985120787687E+018,5.85659173000126E+017,0,S
64929252,NULL,5.8565943300013E+017,65,2021-01-13 04:43:15,1,35.19,0,1,WOMSHOCAS,17729787,11773137,1068,7.15985120787687E+018,5.85660195000188E+017,20.0027,S
64929253,NULL,5.8565943300013E+017,66,2021-01-13 04:51:48,1,43.989,0,1,WOMSHOCAS,17729787,11773137,1068,7.15985120787687E+018,5.85660708000155E+017,0,S
64929254,NULL,5.8565943300013E+017,66,2021-01-13 04:51:48,1,5,0,1,MENSHOBOT,17729787,11773032,1068,-6.90796884631126E+018,5.85660708000155E+017,0,S
64929255,NULL,5.8565943300013E+017,67,2021-01-13 04:56:46,1,5,0,1,MENSHOBOT,17729787,11773032,1068,-6.90796884631126E+018,5.85661006000148E+017,0,S
64929256,NULL,5.8565943300013E+017,14,2021-01-13 04:59:57,1,5,0,1,MENSHOBOT,17729787,11773032,1068,-6.90796884631126E+018,5.85661197000143E+017,0,S
64929257,NULL,5.85662649000142E+017,68,2021-01-13 05:23:24,1,43.989,0,1,WOMSHOCAS,17729788,11773137,1068,7.15985120787687E+018,5.85662604000132E+017,0,S
64929258,NULL,5.85657912000113E+017,69,2021-01-13 05:24:36,1,43.989,0,1,WOMSHOCAS,17729786,11773137,1068,7.15985120787687E+018,5.85662676000189E+017,0,S
64929259,NULL,5.85780936000136E+017,71,2021-01-14 10:25:57,1,11.39,0,1,MENCLOWRK,17729792,11773052,1068,7.03856916381401E+018,5.85780757000104E+017,32.5237,S
64929260,NULL,5.85780936000136E+017,71,2021-01-14 10:25:57,1,11.39,0,1,MENCLOWRK,17729792,11773050,1068,7.038569135989E+018,5.85780757000104E+017,32.5237,S
64929261,NULL,5.85780936000136E+017,71,2021-01-14 10:25:57,1,14.27,0,1,MENCLOCAS,17729792,11773040,1068,7.03810373473371E+018,5.85780757000104E+017,10.0252,S
64929262,NULL,5.85780936000136E+017,71,2021-01-14 10:25:57,1,53.97,0,1,MENSHOBOT,17729792,11773032,1068,-6.90796884631126E+018,5.85780757000104E+017,9.975,S
64929263,NULL,5.85780936000136E+017,72,2021-01-14 10:29:56,1,10.13,0,1,MENCLOWRK,17729792,11773051,1068,7.03856915907445E+018,5.8578099600011E+017,39.9882,S
64929264,NULL,5.85780936000136E+017,72,2021-01-14 10:29:56,1,10.13,0,1,MENCLOWRK,17729792,11773050,1068,7.038569135989E+018,5.8578099600011E+017,39.9882,S
64929265,NULL,5.85780936000136E+017,75,2021-01-14 11:10:26,1,94.5464,0,1,MENFTWCAS,17729792,11773118,1068,7.14203623023543E+018,5.85783426000171E+017,0,S
64929266,NULL,5.85780936000136E+017,76,2021-01-14 11:26:47,1,94.5464,0,1,MENFTWCAS,17729792,11773118,1068,7.14203623023543E+018,5.85784407000146E+017,0,S
64929267,NULL,5.85780936000136E+017,NULL,2021-01-14 11:33:29,1,47.27,0,1,MENFTWCAS,17729792,11773118,1068,7.14203623023543E+018,5.85784809000151E+017,50.0034,S
64929273,NULL,5.8582044500012E+017,77,2021-01-15 05:22:19,1,10,0,1,ACCBATXXX,17729793,11773015,1068,-7.22625620511509E+018,5.85819339000155E+017,0,S
64929274,NULL,5.8582044500012E+017,78,2021-01-15 05:54:52,5,60,0,1,WOMACCINS,17729793,11773018,1068,-6.90806757106706E+018,5.8582129200011E+017,0,S
64929275,NULL,5.8582044500012E+017,15,2021-01-15 06:00:22,2,60,0,1,WOMACCINS,17729793,11773018,1068,-6.90806757106706E+018,5.85821622000106E+017,0,S
64929277,NULL,5.8582044500012E+017,16,2021-01-15 06:01:02,3,60,0,1,WOMACCINS,17729793,11773018,1068,-6.90806757106706E+018,5.85821662000194E+017,0,S
64929286,NULL,5.85821870000123E+017,79,2021-01-15 06:03:33,1,8.8931,0,1,MENACCSOK,17729795,11773056,1068,7.04909030187906E+018,5.85821813000166E+017,0,S
64929287,NULL,5.85821955000154E+017,80,2021-01-15 06:04:39,1,8.8931,0,1,MENACCSOK,17729796,11773056,1068,7.04909030187906E+018,5.85821879000107E+017,0,S
64929288,NULL,5.85822060000182E+017,81,2021-01-15 06:06:10,1,60,0,1,WOMACCINS,17729797,11773018,1068,-6.90806757106706E+018,5.85821970000104E+017,0,S
64929289,NULL,5.85822060000182E+017,82,2021-01-15 06:07:53,1,10,0,1,ACCBATXXX,17729797,11773015,1068,-7.22625620511509E+018,5.85822073000155E+017,0,S
64929290,NULL,5.85822060000182E+017,83,2021-01-15 06:09:01,6,10,0,1,ACCBATXXX,17729797,11773015,1068,-7.22625620511509E+018,5.85822141000152E+017,0,S
64929291,NULL,5.85822060000182E+017,84,2021-01-15 06:13:05,5,60,0,1,WOMACCINS,17729797,11773018,1068,-6.90806757106706E+018,5.85822385000195E+017,0,S
64929292,NULL,5.85822060000182E+017,85,2021-01-15 06:23:56,1,0,0,1,WOMACCINS,17729797,11773018,1068,-6.90806757106706E+018,5.85823036000168E+017,100,S
64929293,NULL,5.85822060000182E+017,86,2021-01-15 06:24:40,1,8.5,0,1,ACCBATXXX,17729797,11773015,1068,-7.22625620511509E+018,5.85823080000123E+017,15,S
64929296,NULL,5.85822060000182E+017,87,2021-01-15 06:26:58,17,10,0,1,ACCBATXXX,17729797,11773015,1068,-7.22625620511509E+018,5.85823218000128E+017,0,S
64929297,NULL,5.85822060000182E+017,88,2021-01-15 06:51:36,2,0,0,1,ACCBATXXX,17729797,11773015,1068,-7.22625620511509E+018,5.85824696000101E+017,100,S
64929313,NULL,5.85822060000182E+017,89,2021-01-15 10:39:58,1,11.89,0,1,MENCLOCAS,17729797,11773041,1068,7.03810375972337E+018,5.85838398000139E+017,25.0315,S
64929314,NULL,5.85822060000182E+017,89,2021-01-15 10:39:58,1,664,0,1,BRFCRYHRD,17729797,11773113,1068,7.06384199512064E+018,5.85838398000139E+017,20,S
64929315,NULL,5.85822060000182E+017,89,2021-01-15 10:39:58,1,37.39,0,1,WOMSHOCAS,17729797,11773136,1068,7.15983729628486E+018,5.85838398000139E+017,15.0015,S
64929316,NULL,5.85822060000182E+017,89,2021-01-15 10:39:58,1,85.09,0,1,MENFTWCAS,17729797,11773118,1068,7.14203623023543E+018,5.85838398000139E+017,10.0019,S
64929322,NULL,5.85842077000152E+017,90,2021-01-15 11:40:29,1,16.88,0,1,MENCLOWRK,17729804,11773052,1068,7.03856916381401E+018,5.85842029000153E+017,0,S
64929323,NULL,5.85842324000152E+017,91,2021-01-15 11:44:28,1,16.88,0,1,MENCLOWRK,17729805,11773052,1068,7.03856916381401E+018,5.85842268000104E+017,0,S
64929338,NULL,5.85822060000182E+017,92,2021-01-15 12:00:21,1,830,0,1,BRFCRYHRD,17729797,11773113,1068,7.06384199512064E+018,5.85843221000183E+017,0,S
64929339,NULL,5.85822060000182E+017,93,2021-01-15 12:27:54,10,5,0,1,ACCBATXXX,17729797,11773015,1068,-7.22625620511509E+018,5.85844874000147E+017,50,S
64929340,NULL,5.85822060000182E+017,93,2021-01-15 12:27:54,10,30,0,1,WOMACCINS,17729797,11773018,1068,-6.90806757106706E+018,5.85844874000147E+017,50,S
64929341,NULL,5.85842077000152E+017,94,2021-01-15 12:37:41,1,60,0,1,WOMACCINS,17729804,11773018,1068,-6.90806757106706E+018,5.85845461000145E+017,0,S
64929342,NULL,5.85822060000182E+017,95,2021-01-15 12:41:43,10,5,0,1,ACCBATXXX,17729797,11773015,1068,-7.22625620511509E+018,5.85845703000115E+017,50,S
64929343,NULL,5.85822060000182E+017,95,2021-01-15 12:41:43,10,30,0,1,WOMACCINS,17729797,11773018,1068,-6.90806757106706E+018,5.85845703000115E+017,50,S
64929351,NULL,6.05558374443209E+018,80,2021-01-15 05:15:25,3,199,0,1,1W MHLMOC,17729723,11921844,1068,23322093573370,6.07156482559765E+018,0,S
64929352,NULL,6.05558374443209E+018,80,2021-01-15 05:15:25,3,199,0,1,1W MHLMOC,17729723,11921845,1068,23322093573883,6.07156482559765E+018,0,S
64929353,NULL,6.05558374443209E+018,81,2021-01-15 05:16:30,-1,-199,0,1,1W MHLMOC,17729723,11921845,1068,23322093573883,6.07156676323189E+018,0,S
64929354,NULL,6.05558374443209E+018,82,2021-01-15 05:24:57,3,199,0,1,1W MHLMOC,17729723,11921844,1068,23322093573370,6.07158824300926E+018,0,S
64929355,NULL,6.05558374443209E+018,82,2021-01-15 05:24:57,3,199,0,1,1W MHLMOC,17729723,11921845,1068,23322093573883,6.07158824300926E+018,0,S
64929356,NULL,5.85822060000182E+017,96,2021-01-15 12:42:58,1,60,0,1,WOMACCINS,17729797,11773018,1068,-6.90806757106706E+018,5.85845778000103E+017,0,S
64929357,NULL,5.8545350100015E+017,23,2021-01-11 02:53:31,4,14.35,0,1,MENCLOWRK,17729743,11773052,1068,7.03856916381401E+018,5.85453611000677E+017,14.9882,S
64929358,NULL,5.8545350100015E+017,23,2021-01-15 02:53:31,4,14.35,0,1,MENCLOWRK,17729743,11773052,1068,7.03856916381401E+018,5.85453611000677E+017,14.9882,S
64929359,NULL,5.8545350100015E+017,25,2021-01-15 02:53:31,4,14.35,0,1,MENCLOWRK,17729743,11773052,1068,7.03856916381401E+018,5.85453611000677E+017,14.9882,S
64929360,NULL,5.8545350100015E+017,97,2021-01-15 02:53:31,4,14.35,0,1,MENCLOWRK,17729743,11773052,1068,7.03856916381401E+018,5.85453611000677E+016,14.9882,S
64929361,NULL,5.85822060000182E+017,97,2021-01-15 02:04:21,10,37.39,0,1,WOMSHOCAS,17729797,11773136,1068,7.15983729628486E+018,5.85850661000129E+017,15.0015,S
64929362,NULL,5.85822060000182E+017,97,2021-01-15 02:04:21,10,85.09,0,1,MENFTWCAS,17729797,11773118,1068,7.14203623023543E+018,5.85850661000129E+017,10.0019,S
64929363,NULL,5.85822060000182E+017,98,2021-01-15 02:07:57,1,30,0,1,WOMACCINS,17729797,11773018,1068,-6.90806757106706E+018,5.85850877000138E+017,50,S
64929364,NULL,5.85822060000182E+017,98,2021-01-15 02:07:57,1,8.44,0,1,MENCLOWRK,17729797,11773052,1068,7.03856916381401E+018,5.85850877000138E+017,50,S
64929365,NULL,5.85822060000182E+017,99,2021-01-15 02:09:39,1,5,0,1,ACCBATXXX,17729797,11773015,1068,-7.22625620511509E+018,5.85850979000165E+017,50,S
64929366,NULL,5.85822060000182E+017,99,2021-01-15 02:09:39,1,30,0,1,WOMACCINS,17729797,11773018,1068,-6.90806757106706E+018,5.85850979000165E+017,50,S
64929367,NULL,5.85822060000182E+017,100,2021-01-15 02:10:30,1,60,0,1,WOMACCINS,17729797,11773018,1068,-6.90806757106706E+018,5.85851030000156E+017,0,S
64929368,NULL,5.85822060000182E+017,101,2021-01-15 02:32:27,1,60,0,1,WOMACCINS,17729797,11773018,1068,-6.90806757106706E+018,5.85852347000118E+017,0,S
64929376,NULL,6.00369226553552E+018,83,2021-01-15 08:40:16,3,199,0,1,1W MHLMOC,17729563,11921844,1068,23322093573370,6.07209289575257E+018,0,S
64929377,NULL,6.00369226553552E+018,83,2021-01-15 08:40:16,3,199,0,1,1W MHLMOC,17729563,11921845,1068,23322093573883,6.07209289575257E+018,0,S
64929378,NULL,6.00369226553552E+018,83,2021-01-15 08:40:16,3,199,0,1,1W MHLMOC,17729563,11923891,1068,23322093574138,6.07209289575257E+018,0,S
64929379,NULL,5.85657148000144E+017,102,2021-01-15 06:54:27,2,20.17,0,1,WOMSHOCAS,17729785,11773081,1068,7.06039596053267E+018,5.85868067000101E+017,63.0836,S
64929380,NULL,5.85657148000144E+017,102,2021-01-15 06:54:27,1,4.71,0,1,MENCLOWRK,17729785,11773050,1068,7.038569135989E+018,5.85868067000101E+017,72.0972,S
64929381,NULL,5.85657148000144E+017,102,2021-01-15 06:54:27,1,5,0,1,MENCLODRS,17729785,11773053,1068,7.03860726852898E+018,5.85868067000101E+017,72.0358,S
64929382,NULL,5.85657148000144E+017,102,2021-01-15 06:54:27,1,12.29,0,1,MENSHOBOT,17729785,11773029,1068,-6.90796884947376E+018,5.85868067000101E+017,79.4996,S
64929383,NULL,5.85657148000144E+017,102,2021-01-15 06:54:27,1,12.3,0,1,MENSHOBOT,17729785,11773030,1068,-6.90796884764505E+018,5.85868067000101E+017,79.4829,S
64929384,NULL,5.85657148000144E+017,102,2021-01-15 06:54:27,1,12.32,0,1,MENSHOBOT,17729785,11773024,1068,-6.907968850623E+018,5.85868067000101E+017,79.4495,S
64929385,NULL,5.85657148000144E+017,103,2021-01-15 07:16:46,1,75.64,0,1,MENFTWCAS,17729785,11773119,1068,7.14203623086457E+018,5.85869406000114E+017,19.997,S
64929386,NULL,5.85657148000144E+017,105,2021-01-15 07:49:33,1,29.98,0,1,MENSHOBOT,17729785,11773032,1068,-6.90796884631126E+018,5.85871373000172E+017,49.9917,S
64929387,NULL,5.85662649000142E+017,106,2021-01-15 08:05:12,1,94.5464,0,1,MENFTWCAS,17729788,11773118,1068,7.14203623023543E+018,5.85872312000103E+017,0,S
64929388,NULL,5.85662649000142E+017,107,2021-01-15 08:11:21,1,94.5464,0,1,MENFTWCAS,17729788,11773118,1068,7.14203623023543E+018,5.85872681000188E+017,0,S
64929389,NULL,5.85662649000142E+017,110,2021-01-15 10:48:58,1,94.5464,0,1,MENFTWCAS,17729788,11773118,1068,7.14203623023543E+018,5.85882138000186E+017,0,S
64929390,NULL,5.85662649000142E+017,111,2021-01-15 10:50:23,1,27.5,0,1,EQPXXXSOC,17729788,11773126,1068,7.15612020063175E+018,5.85882223000123E+017,0,S
64929391,NULL,5.85662649000142E+017,111,2021-01-15 10:50:23,1,94.5464,0,1,MENFTWCAS,17729788,11773118,1068,7.14203623023543E+018,5.85882223000123E+017,0,S
64929392,NULL,5.85662649000142E+017,111,2021-01-15 10:50:23,1,830,0,1,BRFCRYHRD,17729788,11773113,1068,7.06384199512064E+018,5.85882223000123E+017,0,S
64929395,NULL,5.85923430000103E+017,115,2021-01-16 06:28:39,1,8.8931,0,1,MENACCSOK,17729791,11773056,1068,7.04909030187906E+018,5.85923319000121E+017,0,S
64929396,NULL,5.85923484000108E+017,NULL,2021-01-16 06:30:56,1,8.8931,0,1,MENACCSOK,17729809,11773056,1068,7.04909030187906E+018,5.85923456000107E+017,0,S
64929398,NULL,5.85657912000113E+017,NULL,2021-01-16 06:45:52,1,85.09,0,1,MENFTWCAS,17729786,11773119,1068,7.14203623086457E+018,5.85924352000126E+017,10.0019,S
64929399,NULL,5.85657912000113E+017,120,2021-01-16 07:27:16,10,12.69,0,1,MENCLOCAS,17729786,11773041,1068,7.03810375972337E+018,5.85926836000116E+017,19.9874,S
64929400,NULL,5.85657912000113E+017,120,2021-01-16 07:27:16,1,175.99,0,1,EQPXXXBAS,17729786,11773144,1068,7.16016315250082E+018,5.85926836000116E+017,20.0005,S
64929401,NULL,5.85657912000113E+017,120,2021-01-16 07:27:16,1,663.99,0,1,BRFCRYHRD,17729786,11773148,1068,9.0338728575809E+018,5.85926836000116E+017,20.0012,S
64929402,NULL,5.85657912000113E+017,120,2021-01-16 07:27:16,1,75.63,0,1,MENFTWCAS,17729786,11773119,1068,7.14203623086457E+018,5.85926836000116E+017,20.0075,S
64929403,NULL,5.85657912000113E+017,121,2021-01-16 07:34:17,2,0,0,1,MENCLOCAS,17729786,11773041,1068,7.03810375972337E+018,5.85927257000129E+017,100,S
64929406,NULL,5.85822060000182E+017,123,2021-01-16 08:02:57,1,60,0,1,WOMACCINS,17729797,11773018,1068,-6.90806757106706E+018,5.85928977000169E+017,0,S
64929407,NULL,5.85822060000182E+017,124,2021-01-16 08:07:11,5,10,0,1,ACCBATXXX,17729797,11773015,1068,-7.22625620511509E+018,5.85929231000107E+017,0,S
64929408,NULL,5.85822060000182E+017,125,2021-01-16 08:09:03,2,0,0,1,ACCBATXXX,17729797,11773015,1068,-7.22625620511509E+018,5.85929343000148E+017,100,S
64929409,NULL,5.85657148000144E+017,NULL,2021-01-16 08:15:06,1,8.8931,0,1,MENACCSOK,17729785,11773056,1068,7.04909030187906E+018,5.85929706000191E+017,0,S
64929410,NULL,5.85822060000182E+017,NULL,2021-01-16 08:20:21,1,60,0,1,WOMACCINS,17729797,11773018,1068,-6.90806757106706E+018,5.85930021000161E+017,0,S
64929411,NULL,5.85822060000182E+017,NULL,2021-01-16 08:22:18,17,60,0,1,WOMACCINS,17729797,11773018,1068,-6.90806757106706E+018,5.85930138000101E+017,0,S
64929412,NULL,5.85931202000102E+017,130,2021-01-16 08:31:44,1,16.88,0,1,MENCLOWRK,17729810,11773052,1068,7.03856916381401E+018,5.85930704000197E+017,0,S
64929413,NULL,5.85822060000182E+017,131,2021-01-16 08:40:19,14,10,0,1,ACCBATXXX,17729797,11773015,1068,-7.22625620511509E+018,5.85931219000143E+017,0,S
64929414,NULL,5.85822060000182E+017,132,2021-01-16 08:42:45,2,0,0,1,ACCBATXXX,17729797,11773015,1068,-7.22625620511509E+018,5.8593136500019E+017,100,S
64929415,NULL,5.85822060000182E+017,133,2021-01-16 08:44:16,2,0,0,1,ACCBATXXX,17729797,11773015,1068,-7.22625620511509E+018,5.8593145600014E+017,100,S
64929416,NULL,5.85822060000182E+017,134,2021-01-16 09:42:35,1,830,0,1,BRFCRYHRD,17729797,11773113,1068,7.06384199512064E+018,5.85934955000117E+017,0,S
64929417,NULL,5.85822060000182E+017,134,2021-01-16 09:42:35,1,37.39,0,1,WOMSHOCAS,17729797,11773136,1068,7.15983729628486E+018,5.85934955000117E+017,15.0015,S
64929418,NULL,5.85822060000182E+017,134,2021-01-16 09:42:35,1,85.09,0,1,MENFTWCAS,17729797,11773118,1068,7.14203623023543E+018,5.85934955000117E+017,10.0019,S
64929419,NULL,5.85822060000182E+017,135,2021-01-16 09:51:09,1,60,0,1,WOMACCINS,17729797,11773018,1068,-6.90806757106706E+018,5.85935469000178E+017,0,S
64929420,NULL,5.85822060000182E+017,NULL,2021-01-16 10:02:41,1,60,0,1,WOMACCINS,17729797,11773018,1068,-6.90806757106706E+018,5.85936161000123E+017,0,S
64929480,NULL,5.85822060000182E+017,138,2021-01-18 08:25:00,1,664,0,1,BRFCRYHRD,17729797,11773113,1068,7.06384199512064E+018,5.86130300000106E+017,20,S
64929481,NULL,5.85822060000182E+017,138,2021-01-18 08:25:00,1,37.39,0,1,WOMSHOCAS,17729797,11773136,1068,7.15983729628486E+018,5.86130300000106E+017,15.0015,S
64929482,NULL,5.85822060000182E+017,138,2021-01-18 08:25:00,1,85.09,0,1,MENFTWCAS,17729797,11773118,1068,7.14203623023543E+018,5.86130300000106E+017,10.0019,S
64929483,NULL,5.85822060000182E+017,139,2021-01-18 08:27:27,1,85.09,0,1,MENFTWCAS,17729797,11773118,1068,7.14203623023543E+018,5.86130447000161E+017,10.0019,S
64929484,NULL,5.85822060000182E+017,140,2021-01-18 08:30:29,1,75.64,0,1,MENFTWCAS,17729797,11773118,1068,7.14203623023543E+018,5.86130629000123E+017,19.997,S
64929487,NULL,5.85822060000182E+017,141,2021-01-18 08:31:25,1,37.39,0,1,WOMSHOCAS,17729797,11773136,1068,7.15983729628486E+018,5.86130685000185E+017,15.0015,S
64929488,NULL,5.85822060000182E+017,141,2021-01-18 08:31:25,1,85.09,0,1,MENFTWCAS,17729797,11773118,1068,7.14203623023543E+018,5.86130685000185E+017,10.0019,S
64929489,NULL,5.85822060000182E+017,142,2021-01-18 08:57:04,1,75.64,0,1,MENFTWCAS,17729797,11773118,1068,7.14203623023543E+018,5.86132224000113E+017,19.997,S
64929490,NULL,5.85822060000182E+017,143,2021-01-18 08:57:27,1,48,0,1,WOMACCINS,17729797,11773018,1068,-6.90806757106706E+018,5.86132247000172E+017,20,S
64929491,NULL,5.85822060000182E+017,144,2021-01-18 08:59:40,1,75.64,0,1,MENFTWCAS,17729797,11773118,1068,7.14203623023543E+018,5.86132380000141E+017,19.997,S
64929492,NULL,5.85822060000182E+017,145,2021-01-18 09:00:39,1,85.09,0,1,MENFTWCAS,17729797,11773118,1068,7.14203623023543E+018,5.86132439000147E+017,10.0019,S
64929493,NULL,5.85822060000182E+017,146,2021-01-18 09:09:24,1,37.39,0,1,WOMSHOCAS,17729797,11773136,1068,7.15983729628486E+018,5.86132964000193E+017,15.0015,S
64929494,NULL,5.85822060000182E+017,146,2021-01-18 09:09:24,1,85.09,0,1,MENFTWCAS,17729797,11773118,1068,7.14203623023543E+018,5.86132964000193E+017,10.0019,S
64929495,NULL,5.85822060000182E+017,147,2021-01-18 09:18:25,1,85.09,0,1,MENFTWCAS,17729797,11773118,1068,7.14203623023543E+018,5.86133505000182E+017,10.0019,S
64929496,NULL,5.85822060000182E+017,147,2021-01-18 09:18:25,1,37.39,0,1,WOMSHOCAS,17729797,11773136,1068,7.15983729628486E+018,5.86133505000182E+017,15.0015,S
64929497,NULL,5.85822060000182E+017,148,2021-01-18 09:25:25,1,0,0,1,WOMACCINS,17729797,11773018,1068,-6.90806757106706E+018,5.8613392500014E+017,100,S
64929500,NULL,5.85822060000182E+017,149,2021-01-18 12:33:59,1,664,0,1,BRFCRYHRD,17729797,11773113,1068,7.06384199512064E+018,5.86145239000151E+017,20,S
64929501,NULL,5.85822060000182E+017,149,2021-01-18 12:33:59,1,37.39,0,1,WOMSHOCAS,17729797,11773136,1068,7.15983729628486E+018,5.86145239000151E+017,15.0015,S
64929502,NULL,5.85822060000182E+017,149,2021-01-18 12:33:59,1,94.5464,0,1,MENFTWCAS,17729797,11773118,1068,7.14203623023543E+018,5.86145239000151E+017,0,S
64929503,NULL,5.85822060000182E+017,150,2021-01-18 12:35:15,1,35.19,0,1,WOMSHOCAS,17729797,11773136,1068,7.15983729628486E+018,5.86145315000169E+017,20.0027,S
64929504,NULL,5.85822060000182E+017,151,2021-01-18 12:46:30,1,0,0,1,WOMACCINS,17729797,11773018,1068,-6.90806757106706E+018,5.86145990000109E+017,100,S
64929505,NULL,5.85662649000142E+017,110,2021-01-15 10:48:58,1,94.5464,0,1,MENFTWCAS,17729788,11773118,1068,7.14203623023543E+018,5858824400186373,0,S
64929506,NULL,5.85822060000182E+017,152,2021-01-18 12:47:30,10,60,0,1,WOMACCINS,17729797,11773018,1068,-6.90806757106706E+018,5.86146050000149E+017,0,S
64929507,NULL,5.85822060000182E+017,153,2021-01-18 02:20:21,1,0,0,1,WOMACCINS,17729797,11773018,1068,-6.90806757106706E+018,5.86151621000195E+017,100,S
64929508,NULL,5.85822060000182E+017,NULL,2021-01-18 03:08:12,1,30,0,1,WOMACCINS,17729797,11773018,1068,-6.90806757106706E+018,5.86154492000132E+017,50,S
64929509,NULL,5.85822060000182E+017,155,2021-01-18 03:09:20,1,75.64,0,1,MENFTWCAS,17729797,11773118,1068,7.14203623023543E+018,5.86154560000147E+017,19.997,S
64929510,NULL,5.85822060000182E+017,156,2021-01-18 03:11:22,1,80.36,0,1,MENFTWCAS,17729797,11773118,1068,7.14203623023543E+018,5.86154682000123E+017,15.0047,S
64929516,NULL,5.85822060000182E+017,157,2021-01-19 05:22:15,1,0,0,1,ACCBATXXX,17729797,11773015,1068,-7.22625620511509E+018,5.86219335000162E+017,100,S
64929517,NULL,5.85822060000182E+017,158,2021-01-19 05:23:19,1,0,0,1,WOMACCINS,17729797,11773018,1068,-6.90806757106706E+018,5.86219399000127E+017,100,S
64929518,NULL,5.85822060000182E+017,159,2021-01-19 05:28:59,1,37.39,0,1,WOMSHOCAS,17729797,11773136,1068,7.15983729628486E+018,5.86219739000127E+017,15.0015,S
64929519,NULL,5.85822060000182E+017,160,2021-01-19 06:15:33,1,85.09,0,1,MENFTWCAS,17729797,11773118,1068,7.14203623023543E+018,5.86222533000179E+017,10.0019,S
64929520,NULL,5.85822060000182E+017,161,2021-01-19 06:17:00,1,85.09,0,1,MENFTWCAS,17729797,11773118,1068,7.14203623023543E+018,5.86222620000191E+017,10.0019,S
64929521,NULL,5.85822060000182E+017,162,2021-01-19 06:18:31,1,37.39,0,1,WOMSHOCAS,17729797,11773136,1068,7.15983729628486E+018,5.86222711000139E+017,15.0015,S
64929530,NULL,5.85822060000182E+017,NULL,2021-01-19 06:20:55,1,37.39,0,1,WOMSHOCAS,17729797,11773136,1068,7.15983729628486E+018,5.86222855000174E+017,15.0015,S
64929539,NULL,5.85822060000182E+017,164,2021-01-19 07:47:18,1,60,0,1,WOMACCINS,17729797,11773018,1068,-6.90806757106706E+018,5.86228038000121E+017,0,S
64929544,NULL,5.85822060000182E+017,18,2021-01-19 07:48:17,1,60,0,1,WOMACCINS,17729797,11773018,1068,-6.90806757106706E+018,5.86228097000132E+017,0,S
64929554,NULL,5.85822060000182E+017,165,2021-01-19 07:49:07,1,85.09,0,1,MENFTWCAS,17729797,11773118,1068,7.14203623023543E+018,5.86228147000131E+017,10.0019,S
64929555,NULL,5.85822060000182E+017,166,2021-01-19 08:26:45,1,830,0,1,BRFCRYHRD,17729797,11773113,1068,7.06384199512064E+018,5.8623040500019E+017,0,S
64929562,NULL,5.85822060000182E+017,167,2021-01-19 11:02:28,1,37.39,0,1,WOMSHOCAS,17729797,11773136,1068,7.15983729628486E+018,5.86239748000188E+017,15.0015,S
64929563,NULL,5.85822060000182E+017,167,2021-01-19 11:02:28,1,85.09,0,1,MENFTWCAS,17729797,11773118,1068,7.14203623023543E+018,5.86239748000188E+017,10.0019,S
64929564,NULL,5.85822060000182E+017,NULL,2021-01-19 11:04:06,1,94.5464,0,1,MENFTWCAS,17729797,11773117,1068,7.14203617493772E+018,5.8623984600015E+017,0,S
64929565,NULL,5.85822060000182E+017,NULL,2021-01-19 11:13:21,1,60,0,1,WOMACCINS,17729797,11773018,1068,-6.90806757106706E+018,5.86240401000125E+017,0,S
64929566,NULL,5.85822060000182E+017,168,2021-01-19 11:15:35,1,830,0,1,BRFCRYHRD,17729797,11773113,1068,7.06384199512064E+018,5.86240535000182E+017,0,S
64929567,NULL,5.85822060000182E+017,168,2021-01-19 11:15:35,1,43.989,0,1,WOMSHOCAS,17729797,11773136,1068,7.15983729628486E+018,5.86240535000182E+017,0,S
64929568,NULL,5.85822060000182E+017,168,2021-01-19 11:15:35,1,16.88,0,1,MENCLOWRK,17729797,11773052,1068,7.03856916381401E+018,5.86240535000182E+017,0,S
